name,price,image_link,product_url
Barret,$29.95,"data:image/gif;base64,R0lGODlhAQABAIAAAP///wAAACH5BAEAAAAALAAAAAABAAEAAAICRAEAOw==",https://www.glassesshop.com/eyeglasses/fm1565
Lydia,$19.95,"data:image/gif;base64,R0lGODlhAQABAIAAAP///wAAACH5BAEAAAAALAAAAAABAAEAAAICRAEAOw==",https://www.glassesshop.com/eyeglasses/fp2436
Mark,$29.95,"data:image/gif;base64,R0lGODlhAQABAIAAAP///wAAACH5BAEAAAAALAAAAAABAAEAAAICRAEAOw==",https://www.glassesshop.com/eyeglasses/sm0937
Debby,$29.95,"data:image/gif;base64,R0lGODlhAQABAIAAAP///wAAACH5BAEAAAAALAAAAAABAAEAAAICRAEAOw==",https://www.glassesshop.com/eyeglasses/fz1767
Modesto,$24.95,"data:image/gif;base64,R0lGODlhAQABAIAAAP///wAAACH5BAEAAAAALAAAAAABAAEAAAICRAEAOw==",https://www.glassesshop.com/eyeglasses/fm1654
Annabelle,$24.95,"data:image/gif;base64,R0lGODlhAQABAIAAAP///wAAACH5BAEAAAAALAAAAAABAAEAAAICRAEAOw==",https://www.glassesshop.com/eyeglasses/fp2086
Taurus,$24.95,"data:image/gif;base64,R0lGODlhAQABAIAAAP///wAAACH5BAEAAAAALAAAAAABAAEAAAICRAEAOw==",https://www.glassesshop.com/eyeglasses/fp2043
Haywood,$29.95,"data:image/gif;base64,R0lGODlhAQABAIAAAP///wAAACH5BAEAAAAALAAAAAABAAEAAAICRAEAOw==",https://www.glassesshop.com/eyeglasses/fm1354
Celia,$19.95,"data:image/gif;base64,R0lGODlhAQABAIAAAP///wAAACH5BAEAAAAALAAAAAABAAEAAAICRAEAOw==",https://www.glassesshop.com/eyeglasses/fm1387
Poppy,$29.95,"data:image/gif;base64,R0lGODlhAQABAIAAAP///wAAACH5BAEAAAAALAAAAAABAAEAAAICRAEAOw==",https://www.glassesshop.com/eyeglasses/fz1032
Hannah,$24.95,"data:image/gif;base64,R0lGODlhAQABAIAAAP///wAAACH5BAEAAAAALAAAAAABAAEAAAICRAEAOw==",https://www.glassesshop.com/eyeglasses/fp2514
Evanston,$24.95,"data:image/gif;base64,R0lGODlhAQABAIAAAP///wAAACH5BAEAAAAALAAAAAABAAEAAAICRAEAOw==",https://www.glassesshop.com/eyeglasses/sup0791
Gulfport,$19.95,"data:image/gif;base64,R0lGODlhAQABAIAAAP///wAAACH5BAEAAAAALAAAAAABAAEAAAICRAEAOw==",https://www.glassesshop.com/eyeglasses/fp2106
Libra,$24.95,"data:image/gif;base64,R0lGODlhAQABAIAAAP///wAAACH5BAEAAAAALAAAAAABAAEAAAICRAEAOw==",https://www.glassesshop.com/eyeglasses/fp2047
Lindsay,$29.95,"data:image/gif;base64,R0lGODlhAQABAIAAAP///wAAACH5BAEAAAAALAAAAAABAAEAAAICRAEAOw==",https://www.glassesshop.com/eyeglasses/fz1382
Bronx,$12.95,"data:image/gif;base64,R0lGODlhAQABAIAAAP///wAAACH5BAEAAAAALAAAAAABAAEAAAICRAEAOw==",https://www.glassesshop.com/eyeglasses/fp1979
Toledo,$24.95,"data:image/gif;base64,R0lGODlhAQABAIAAAP///wAAACH5BAEAAAAALAAAAAABAAEAAAICRAEAOw==",https://www.glassesshop.com/eyeglasses/fm1405
Lyndon,$19.95,"data:image/gif;base64,R0lGODlhAQABAIAAAP///wAAACH5BAEAAAAALAAAAAABAAEAAAICRAEAOw==",https://www.glassesshop.com/eyeglasses/fm1286
Bruno,$19.95,"data:image/gif;base64,R0lGODlhAQABAIAAAP///wAAACH5BAEAAAAALAAAAAABAAEAAAICRAEAOw==",https://www.glassesshop.com/eyeglasses/fp1506
Prince,$19.95,"data:image/gif;base64,R0lGODlhAQABAIAAAP///wAAACH5BAEAAAAALAAAAAABAAEAAAICRAEAOw==",https://www.glassesshop.com/eyeglasses/fp1438
Fresno,$12.95,"data:image/gif;base64,R0lGODlhAQABAIAAAP///wAAACH5BAEAAAAALAAAAAABAAEAAAICRAEAOw==",https://www.glassesshop.com/eyeglasses/fp2036
Riverside,$19.95,"data:image/gif;base64,R0lGODlhAQABAIAAAP///wAAACH5BAEAAAAALAAAAAABAAEAAAICRAEAOw==",https://www.glassesshop.com/eyeglasses/fm1385
Burke,$24.95,"data:image/gif;base64,R0lGODlhAQABAIAAAP///wAAACH5BAEAAAAALAAAAAABAAEAAAICRAEAOw==",https://www.glassesshop.com/eyeglasses/fm1243
Joplin,$24.95,"data:image/gif;base64,R0lGODlhAQABAIAAAP///wAAACH5BAEAAAAALAAAAAABAAEAAAICRAEAOw==",https://www.glassesshop.com/eyeglasses/fz1491
Hedy,$29.95,"data:image/gif;base64,R0lGODlhAQABAIAAAP///wAAACH5BAEAAAAALAAAAAABAAEAAAICRAEAOw==",https://www.glassesshop.com/eyeglasses/fz1608
Walnut,$29.95,"data:image/gif;base64,R0lGODlhAQABAIAAAP///wAAACH5BAEAAAAALAAAAAABAAEAAAICRAEAOw==",https://www.glassesshop.com/eyeglasses/sup0821
Flushing,$12.95,"data:image/gif;base64,R0lGODlhAQABAIAAAP///wAAACH5BAEAAAAALAAAAAABAAEAAAICRAEAOw==",https://www.glassesshop.com/eyeglasses/fp1972
Water,$29.95,"data:image/gif;base64,R0lGODlhAQABAIAAAP///wAAACH5BAEAAAAALAAAAAABAAEAAAICRAEAOw==",https://www.glassesshop.com/eyeglasses/fp2468
Abina,$19.95,"data:image/gif;base64,R0lGODlhAQABAIAAAP///wAAACH5BAEAAAAALAAAAAABAAEAAAICRAEAOw==",https://www.glassesshop.com/eyeglasses/fp1938
Miami,$29.95,"data:image/gif;base64,R0lGODlhAQABAIAAAP///wAAACH5BAEAAAAALAAAAAABAAEAAAICRAEAOw==",https://www.glassesshop.com/eyeglasses/fz1391
Althea,$19.95,"data:image/gif;base64,R0lGODlhAQABAIAAAP///wAAACH5BAEAAAAALAAAAAABAAEAAAICRAEAOw==",https://www.glassesshop.com/eyeglasses/fp2111
Oberlin,$19.95,"data:image/gif;base64,R0lGODlhAQABAIAAAP///wAAACH5BAEAAAAALAAAAAABAAEAAAICRAEAOw==",https://www.glassesshop.com/eyeglasses/fp2035
Prairie,$34.95,"data:image/gif;base64,R0lGODlhAQABAIAAAP///wAAACH5BAEAAAAALAAAAAABAAEAAAICRAEAOw==",https://www.glassesshop.com/eyeglasses/fz1461
Naperville,$12.95,"data:image/gif;base64,R0lGODlhAQABAIAAAP///wAAACH5BAEAAAAALAAAAAABAAEAAAICRAEAOw==",https://www.glassesshop.com/eyeglasses/fp2191
Murphy,$39.95,"data:image/gif;base64,R0lGODlhAQABAIAAAP///wAAACH5BAEAAAAALAAAAAABAAEAAAICRAEAOw==",https://www.glassesshop.com/eyeglasses/fp1747
Pasadena,$12.48,"data:image/gif;base64,R0lGODlhAQABAIAAAP///wAAACH5BAEAAAAALAAAAAABAAEAAAICRAEAOw==",https://www.glassesshop.com/eyeglasses/fp2520
Indianapolis,$9.95,"data:image/gif;base64,R0lGODlhAQABAIAAAP///wAAACH5BAEAAAAALAAAAAABAAEAAAICRAEAOw==",https://www.glassesshop.com/eyeglasses/fp2158
Alberta,$9.95,"data:image/gif;base64,R0lGODlhAQABAIAAAP///wAAACH5BAEAAAAALAAAAAABAAEAAAICRAEAOw==",https://www.glassesshop.com/eyeglasses/fp2319
Worcester,$24.95,"data:image/gif;base64,R0lGODlhAQABAIAAAP///wAAACH5BAEAAAAALAAAAAABAAEAAAICRAEAOw==",https://www.glassesshop.com/eyeglasses/fp2484
Annabel,$39.95,"data:image/gif;base64,R0lGODlhAQABAIAAAP///wAAACH5BAEAAAAALAAAAAABAAEAAAICRAEAOw==",https://www.glassesshop.com/eyeglasses/ft0304
Denise,$24.94,"data:image/gif;base64,R0lGODlhAQABAIAAAP///wAAACH5BAEAAAAALAAAAAABAAEAAAICRAEAOw==",https://www.glassesshop.com/eyeglasses/fp2299
Dominic,$12.95,"data:image/gif;base64,R0lGODlhAQABAIAAAP///wAAACH5BAEAAAAALAAAAAABAAEAAAICRAEAOw==",https://www.glassesshop.com/eyeglasses/fp2149
Joni,$29.95,"data:image/gif;base64,R0lGODlhAQABAIAAAP///wAAACH5BAEAAAAALAAAAAABAAEAAAICRAEAOw==",https://www.glassesshop.com/eyeglasses/fp2024
Asheville,$12.95,"data:image/gif;base64,R0lGODlhAQABAIAAAP///wAAACH5BAEAAAAALAAAAAABAAEAAAICRAEAOw==",https://www.glassesshop.com/eyeglasses/fp1992
Bray,$12.95,"data:image/gif;base64,R0lGODlhAQABAIAAAP///wAAACH5BAEAAAAALAAAAAABAAEAAAICRAEAOw==",https://www.glassesshop.com/eyeglasses/fp1923
Uvalde,$9.95,"data:image/gif;base64,R0lGODlhAQABAIAAAP///wAAACH5BAEAAAAALAAAAAABAAEAAAICRAEAOw==",https://www.glassesshop.com/eyeglasses/sup1073
Owensboro,$12.95,"data:image/gif;base64,R0lGODlhAQABAIAAAP///wAAACH5BAEAAAAALAAAAAABAAEAAAICRAEAOw==",https://www.glassesshop.com/eyeglasses/fp2195
Pete,$29.95,"data:image/gif;base64,R0lGODlhAQABAIAAAP///wAAACH5BAEAAAAALAAAAAABAAEAAAICRAEAOw==",https://www.glassesshop.com/eyeglasses/fz1207
Amelia,$34.95,"data:image/gif;base64,R0lGODlhAQABAIAAAP///wAAACH5BAEAAAAALAAAAAABAAEAAAICRAEAOw==",https://www.glassesshop.com/eyeglasses/fm1469
Lexingto,$19.95,"data:image/gif;base64,R0lGODlhAQABAIAAAP///wAAACH5BAEAAAAALAAAAAABAAEAAAICRAEAOw==",https://www.glassesshop.com/eyeglasses/fp1694
Troy,$24.95,"data:image/gif;base64,R0lGODlhAQABAIAAAP///wAAACH5BAEAAAAALAAAAAABAAEAAAICRAEAOw==",https://www.glassesshop.com/eyeglasses/sup0907
Milne,$29.95,"data:image/gif;base64,R0lGODlhAQABAIAAAP///wAAACH5BAEAAAAALAAAAAABAAEAAAICRAEAOw==",https://www.glassesshop.com/eyeglasses/fz1358
Maltz,$29.95,"data:image/gif;base64,R0lGODlhAQABAIAAAP///wAAACH5BAEAAAAALAAAAAABAAEAAAICRAEAOw==",https://www.glassesshop.com/eyeglasses/fz1370
Butler,$19.95,"data:image/gif;base64,R0lGODlhAQABAIAAAP///wAAACH5BAEAAAAALAAAAAABAAEAAAICRAEAOw==",https://www.glassesshop.com/eyeglasses/fp1841
Grover,$34.95,"data:image/gif;base64,R0lGODlhAQABAIAAAP///wAAACH5BAEAAAAALAAAAAABAAEAAAICRAEAOw==",https://www.glassesshop.com/eyeglasses/fp1730
Cooksville,$24.95,"data:image/gif;base64,R0lGODlhAQABAIAAAP///wAAACH5BAEAAAAALAAAAAABAAEAAAICRAEAOw==",https://www.glassesshop.com/eyeglasses/fp1568
Marlowe,$19.95,"data:image/gif;base64,R0lGODlhAQABAIAAAP///wAAACH5BAEAAAAALAAAAAABAAEAAAICRAEAOw==",https://www.glassesshop.com/eyeglasses/sup0711
Wilker,$29.95,"data:image/gif;base64,R0lGODlhAQABAIAAAP///wAAACH5BAEAAAAALAAAAAABAAEAAAICRAEAOw==",https://www.glassesshop.com/eyeglasses/sup0624
Megan,$29.95,"data:image/gif;base64,R0lGODlhAQABAIAAAP///wAAACH5BAEAAAAALAAAAAABAAEAAAICRAEAOw==",https://www.glassesshop.com/eyeglasses/sup0828
Geraldine,$29.95,"data:image/gif;base64,R0lGODlhAQABAIAAAP///wAAACH5BAEAAAAALAAAAAABAAEAAAICRAEAOw==",https://www.glassesshop.com/eyeglasses/sup1252
Fitchburg,$24.95,"data:image/gif;base64,R0lGODlhAQABAIAAAP///wAAACH5BAEAAAAALAAAAAABAAEAAAICRAEAOw==",https://www.glassesshop.com/eyeglasses/fp2390?page=2
Dove,$34.95,"data:image/gif;base64,R0lGODlhAQABAIAAAP///wAAACH5BAEAAAAALAAAAAABAAEAAAICRAEAOw==",https://www.glassesshop.com/eyeglasses/fp1727?page=2
Bernardino,$24.95,"data:image/gif;base64,R0lGODlhAQABAIAAAP///wAAACH5BAEAAAAALAAAAAABAAEAAAICRAEAOw==",https://www.glassesshop.com/eyeglasses/sup0749?page=2
Christian,$29.95,"data:image/gif;base64,R0lGODlhAQABAIAAAP///wAAACH5BAEAAAAALAAAAAABAAEAAAICRAEAOw==",https://www.glassesshop.com/eyeglasses/sup0759?page=2
Attis,$24.95,"data:image/gif;base64,R0lGODlhAQABAIAAAP///wAAACH5BAEAAAAALAAAAAABAAEAAAICRAEAOw==",https://www.glassesshop.com/eyeglasses/fm1394?page=2
Rainbow,$19.95,"data:image/gif;base64,R0lGODlhAQABAIAAAP///wAAACH5BAEAAAAALAAAAAABAAEAAAICRAEAOw==",https://www.glassesshop.com/eyeglasses/fp2013?page=2
Jackson,$24.95,"data:image/gif;base64,R0lGODlhAQABAIAAAP///wAAACH5BAEAAAAALAAAAAABAAEAAAICRAEAOw==",https://www.glassesshop.com/eyeglasses/fp2247?page=2
Dinah,$24.95,"data:image/gif;base64,R0lGODlhAQABAIAAAP///wAAACH5BAEAAAAALAAAAAABAAEAAAICRAEAOw==",https://www.glassesshop.com/eyeglasses/fp2445?page=2
Jean,$24.95,"data:image/gif;base64,R0lGODlhAQABAIAAAP///wAAACH5BAEAAAAALAAAAAABAAEAAAICRAEAOw==",https://www.glassesshop.com/eyeglasses/fp1719?page=2
Isaiah,$19.95,"data:image/gif;base64,R0lGODlhAQABAIAAAP///wAAACH5BAEAAAAALAAAAAABAAEAAAICRAEAOw==",https://www.glassesshop.com/eyeglasses/fp1644?page=2
Baldwin,$19.95,"data:image/gif;base64,R0lGODlhAQABAIAAAP///wAAACH5BAEAAAAALAAAAAABAAEAAAICRAEAOw==",https://www.glassesshop.com/eyeglasses/fp1619?page=2
Watertown,$19.95,"data:image/gif;base64,R0lGODlhAQABAIAAAP///wAAACH5BAEAAAAALAAAAAABAAEAAAICRAEAOw==",https://www.glassesshop.com/eyeglasses/fp1806?page=2
Dubois,$49.95,"data:image/gif;base64,R0lGODlhAQABAIAAAP///wAAACH5BAEAAAAALAAAAAABAAEAAAICRAEAOw==",https://www.glassesshop.com/eyeglasses/ft0326?page=2
Berger,$29.95,"data:image/gif;base64,R0lGODlhAQABAIAAAP///wAAACH5BAEAAAAALAAAAAABAAEAAAICRAEAOw==",https://www.glassesshop.com/eyeglasses/fm1568?page=2
Whittier,$29.95,"data:image/gif;base64,R0lGODlhAQABAIAAAP///wAAACH5BAEAAAAALAAAAAABAAEAAAICRAEAOw==",https://www.glassesshop.com/eyeglasses/fz1313?page=2
Willie,$19.95,"data:image/gif;base64,R0lGODlhAQABAIAAAP///wAAACH5BAEAAAAALAAAAAABAAEAAAICRAEAOw==",https://www.glassesshop.com/eyeglasses/sm0862?page=2
Endicott,$29.95,"data:image/gif;base64,R0lGODlhAQABAIAAAP///wAAACH5BAEAAAAALAAAAAABAAEAAAICRAEAOw==",https://www.glassesshop.com/eyeglasses/fz1392?page=2
Rochester,$29.95,"data:image/gif;base64,R0lGODlhAQABAIAAAP///wAAACH5BAEAAAAALAAAAAABAAEAAAICRAEAOw==",https://www.glassesshop.com/eyeglasses/fm1263?page=2
Genevieve,$34.95,"data:image/gif;base64,R0lGODlhAQABAIAAAP///wAAACH5BAEAAAAALAAAAAABAAEAAAICRAEAOw==",https://www.glassesshop.com/eyeglasses/fz1269?page=2
Zenobia,$24.94,"data:image/gif;base64,R0lGODlhAQABAIAAAP///wAAACH5BAEAAAAALAAAAAABAAEAAAICRAEAOw==",https://www.glassesshop.com/eyeglasses/sup1229?page=2
Aurora,$29.95,"data:image/gif;base64,R0lGODlhAQABAIAAAP///wAAACH5BAEAAAAALAAAAAABAAEAAAICRAEAOw==",https://www.glassesshop.com/eyeglasses/sup0793?page=2
Stephen,$9.95,"data:image/gif;base64,R0lGODlhAQABAIAAAP///wAAACH5BAEAAAAALAAAAAABAAEAAAICRAEAOw==",https://www.glassesshop.com/eyeglasses/sm0898?page=2
Celeste,$34.95,"data:image/gif;base64,R0lGODlhAQABAIAAAP///wAAACH5BAEAAAAALAAAAAABAAEAAAICRAEAOw==",https://www.glassesshop.com/eyeglasses/fm1470?page=2
Enoch,$29.95,"data:image/gif;base64,R0lGODlhAQABAIAAAP///wAAACH5BAEAAAAALAAAAAABAAEAAAICRAEAOw==",https://www.glassesshop.com/eyeglasses/fz1159?page=2
Westlake,$44.95,"data:image/gif;base64,R0lGODlhAQABAIAAAP///wAAACH5BAEAAAAALAAAAAABAAEAAAICRAEAOw==",https://www.glassesshop.com/eyeglasses/fz1437?page=2
Newark,$24.95,"data:image/gif;base64,R0lGODlhAQABAIAAAP///wAAACH5BAEAAAAALAAAAAABAAEAAAICRAEAOw==",https://www.glassesshop.com/eyeglasses/fm1372?page=2
Buckeye,$9.95,"data:image/gif;base64,R0lGODlhAQABAIAAAP///wAAACH5BAEAAAAALAAAAAABAAEAAAICRAEAOw==",https://www.glassesshop.com/eyeglasses/fz1093?page=2
Galveston,$29.95,"data:image/gif;base64,R0lGODlhAQABAIAAAP///wAAACH5BAEAAAAALAAAAAABAAEAAAICRAEAOw==",https://www.glassesshop.com/eyeglasses/sup1101?page=2
Roanoke,$19.95,"data:image/gif;base64,R0lGODlhAQABAIAAAP///wAAACH5BAEAAAAALAAAAAABAAEAAAICRAEAOw==",https://www.glassesshop.com/eyeglasses/sup1005?page=2
Holt,$19.95,"data:image/gif;base64,R0lGODlhAQABAIAAAP///wAAACH5BAEAAAAALAAAAAABAAEAAAICRAEAOw==",https://www.glassesshop.com/eyeglasses/fp1401?page=2
Mandy,$12.95,"data:image/gif;base64,R0lGODlhAQABAIAAAP///wAAACH5BAEAAAAALAAAAAABAAEAAAICRAEAOw==",https://www.glassesshop.com/eyeglasses/fz1087?page=2
Jinbee,$5.95,"data:image/gif;base64,R0lGODlhAQABAIAAAP///wAAACH5BAEAAAAALAAAAAABAAEAAAICRAEAOw==",https://www.glassesshop.com/eyeglasses/fp1902?page=2
Mason,$19.95,"data:image/gif;base64,R0lGODlhAQABAIAAAP///wAAACH5BAEAAAAALAAAAAABAAEAAAICRAEAOw==",https://www.glassesshop.com/eyeglasses/fp1641?page=2
Ezekiel,$29.95,"data:image/gif;base64,R0lGODlhAQABAIAAAP///wAAACH5BAEAAAAALAAAAAABAAEAAAICRAEAOw==",https://www.glassesshop.com/eyeglasses/fz1278?page=2
Salisbury,$19.95,"data:image/gif;base64,R0lGODlhAQABAIAAAP///wAAACH5BAEAAAAALAAAAAABAAEAAAICRAEAOw==",https://www.glassesshop.com/eyeglasses/fp2105?page=2
Springfield,$24.95,"data:image/gif;base64,R0lGODlhAQABAIAAAP///wAAACH5BAEAAAAALAAAAAABAAEAAAICRAEAOw==",https://www.glassesshop.com/eyeglasses/fm1408?page=2
Huntsville,$29.95,"data:image/gif;base64,R0lGODlhAQABAIAAAP///wAAACH5BAEAAAAALAAAAAABAAEAAAICRAEAOw==",https://www.glassesshop.com/eyeglasses/sup1077?page=2
Orleans,$49.95,"data:image/gif;base64,R0lGODlhAQABAIAAAP///wAAACH5BAEAAAAALAAAAAABAAEAAAICRAEAOw==",https://www.glassesshop.com/eyeglasses/ft0458?page=2
Vivian,$29.95,"data:image/gif;base64,R0lGODlhAQABAIAAAP///wAAACH5BAEAAAAALAAAAAABAAEAAAICRAEAOw==",https://www.glassesshop.com/eyeglasses/fz1250?page=2
Kitchener,$29.95,"data:image/gif;base64,R0lGODlhAQABAIAAAP///wAAACH5BAEAAAAALAAAAAABAAEAAAICRAEAOw==",https://www.glassesshop.com/eyeglasses/sm0907?page=2
Matthew,$39.95,"data:image/gif;base64,R0lGODlhAQABAIAAAP///wAAACH5BAEAAAAALAAAAAABAAEAAAICRAEAOw==",https://www.glassesshop.com/eyeglasses/sm0752?page=2
Astrid,$12.95,"data:image/gif;base64,R0lGODlhAQABAIAAAP///wAAACH5BAEAAAAALAAAAAABAAEAAAICRAEAOw==",https://www.glassesshop.com/eyeglasses/fp1500?page=2
Irvine,$24.95,"data:image/gif;base64,R0lGODlhAQABAIAAAP///wAAACH5BAEAAAAALAAAAAABAAEAAAICRAEAOw==",https://www.glassesshop.com/eyeglasses/fp2073?page=2
Kitty,$29.95,"data:image/gif;base64,R0lGODlhAQABAIAAAP///wAAACH5BAEAAAAALAAAAAABAAEAAAICRAEAOw==",https://www.glassesshop.com/eyeglasses/fz1658?page=2
Darcy,$19.95,"data:image/gif;base64,R0lGODlhAQABAIAAAP///wAAACH5BAEAAAAALAAAAAABAAEAAAICRAEAOw==",https://www.glassesshop.com/eyeglasses/sm0787?page=2
Terre,$32.95,"data:image/gif;base64,R0lGODlhAQABAIAAAP///wAAACH5BAEAAAAALAAAAAABAAEAAAICRAEAOw==",https://www.glassesshop.com/eyeglasses/rm0247?page=2
Benjamin,$29.95,"data:image/gif;base64,R0lGODlhAQABAIAAAP///wAAACH5BAEAAAAALAAAAAABAAEAAAICRAEAOw==",https://www.glassesshop.com/eyeglasses/fm1466?page=2
Miranda,$19.95,"data:image/gif;base64,R0lGODlhAQABAIAAAP///wAAACH5BAEAAAAALAAAAAABAAEAAAICRAEAOw==",https://www.glassesshop.com/eyeglasses/fp2325?page=2
Arlene,$9.95,"data:image/gif;base64,R0lGODlhAQABAIAAAP///wAAACH5BAEAAAAALAAAAAABAAEAAAICRAEAOw==",https://www.glassesshop.com/eyeglasses/fp1764?page=2
Iowa,$29.95,"data:image/gif;base64,R0lGODlhAQABAIAAAP///wAAACH5BAEAAAAALAAAAAABAAEAAAICRAEAOw==",https://www.glassesshop.com/eyeglasses/fz1015?page=2
Martin,$29.95,"data:image/gif;base64,R0lGODlhAQABAIAAAP///wAAACH5BAEAAAAALAAAAAABAAEAAAICRAEAOw==",https://www.glassesshop.com/eyeglasses/sm0795?page=2
Osborn,$34.95,"data:image/gif;base64,R0lGODlhAQABAIAAAP///wAAACH5BAEAAAAALAAAAAABAAEAAAICRAEAOw==",https://www.glassesshop.com/eyeglasses/fz1709?page=2
Felix,$19.95,"data:image/gif;base64,R0lGODlhAQABAIAAAP///wAAACH5BAEAAAAALAAAAAABAAEAAAICRAEAOw==",https://www.glassesshop.com/eyeglasses/fp1724?page=2
Atlantic,$29.95,"data:image/gif;base64,R0lGODlhAQABAIAAAP///wAAACH5BAEAAAAALAAAAAABAAEAAAICRAEAOw==",https://www.glassesshop.com/eyeglasses/sup0896?page=2
Egbert,$54.95,"data:image/gif;base64,R0lGODlhAQABAIAAAP///wAAACH5BAEAAAAALAAAAAABAAEAAAICRAEAOw==",https://www.glassesshop.com/eyeglasses/rm0288?page=2
Omar,$19.95,"data:image/gif;base64,R0lGODlhAQABAIAAAP///wAAACH5BAEAAAAALAAAAAABAAEAAAICRAEAOw==",https://www.glassesshop.com/eyeglasses/fm1271?page=2
Equality,$29.95,"data:image/gif;base64,R0lGODlhAQABAIAAAP///wAAACH5BAEAAAAALAAAAAABAAEAAAICRAEAOw==",https://www.glassesshop.com/eyeglasses/fz1748?page=2
Kansas,$29.95,"data:image/gif;base64,R0lGODlhAQABAIAAAP///wAAACH5BAEAAAAALAAAAAABAAEAAAICRAEAOw==",https://www.glassesshop.com/eyeglasses/fz1635?page=2
Elroy,$29.95,"data:image/gif;base64,R0lGODlhAQABAIAAAP///wAAACH5BAEAAAAALAAAAAABAAEAAAICRAEAOw==",https://www.glassesshop.com/eyeglasses/sup1014?page=2
Durham,$29.95,"data:image/gif;base64,R0lGODlhAQABAIAAAP///wAAACH5BAEAAAAALAAAAAABAAEAAAICRAEAOw==",https://www.glassesshop.com/eyeglasses/fz1654?page=2
Gaskell,$29.95,"data:image/gif;base64,R0lGODlhAQABAIAAAP///wAAACH5BAEAAAAALAAAAAABAAEAAAICRAEAOw==",https://www.glassesshop.com/eyeglasses/sup0568?page=3
Lambert,$39.95,"data:image/gif;base64,R0lGODlhAQABAIAAAP///wAAACH5BAEAAAAALAAAAAABAAEAAAICRAEAOw==",https://www.glassesshop.com/eyeglasses/fm1090?page=3
Joyce,$9.95,"data:image/gif;base64,R0lGODlhAQABAIAAAP///wAAACH5BAEAAAAALAAAAAABAAEAAAICRAEAOw==",https://www.glassesshop.com/eyeglasses/fp1504?page=3
Barbara,$29.95,"data:image/gif;base64,R0lGODlhAQABAIAAAP///wAAACH5BAEAAAAALAAAAAABAAEAAAICRAEAOw==",https://www.glassesshop.com/eyeglasses/sup0738?page=3
Hackensack,$24.95,"data:image/gif;base64,R0lGODlhAQABAIAAAP///wAAACH5BAEAAAAALAAAAAABAAEAAAICRAEAOw==",https://www.glassesshop.com/eyeglasses/sup0998?page=3
Nicole,$29.95,"data:image/gif;base64,R0lGODlhAQABAIAAAP///wAAACH5BAEAAAAALAAAAAABAAEAAAICRAEAOw==",https://www.glassesshop.com/eyeglasses/fz1083?page=3
Averies,$19.95,"data:image/gif;base64,R0lGODlhAQABAIAAAP///wAAACH5BAEAAAAALAAAAAABAAEAAAICRAEAOw==",https://www.glassesshop.com/eyeglasses/fp1829?page=3
Belle,$19.95,"data:image/gif;base64,R0lGODlhAQABAIAAAP///wAAACH5BAEAAAAALAAAAAABAAEAAAICRAEAOw==",https://www.glassesshop.com/eyeglasses/fp1768?page=3
Lina,$29.95,"data:image/gif;base64,R0lGODlhAQABAIAAAP///wAAACH5BAEAAAAALAAAAAABAAEAAAICRAEAOw==",https://www.glassesshop.com/eyeglasses/fz1804?page=3
Agnes,$29.95,"data:image/gif;base64,R0lGODlhAQABAIAAAP///wAAACH5BAEAAAAALAAAAAABAAEAAAICRAEAOw==",https://www.glassesshop.com/eyeglasses/sup1134?page=3
Jacksonville,$19.95,"data:image/gif;base64,R0lGODlhAQABAIAAAP///wAAACH5BAEAAAAALAAAAAABAAEAAAICRAEAOw==",https://www.glassesshop.com/eyeglasses/fp2183?page=3
Annabelle,$24.95,"data:image/gif;base64,R0lGODlhAQABAIAAAP///wAAACH5BAEAAAAALAAAAAABAAEAAAICRAEAOw==",https://www.glassesshop.com/eyeglasses/fp2086?page=3
Hyannis,$29.95,"data:image/gif;base64,R0lGODlhAQABAIAAAP///wAAACH5BAEAAAAALAAAAAABAAEAAAICRAEAOw==",https://www.glassesshop.com/eyeglasses/fp1113?page=3
Anna,$24.95,"data:image/gif;base64,R0lGODlhAQABAIAAAP///wAAACH5BAEAAAAALAAAAAABAAEAAAICRAEAOw==",https://www.glassesshop.com/eyeglasses/fp2485?page=3
Tallahassee,$24.95,"data:image/gif;base64,R0lGODlhAQABAIAAAP///wAAACH5BAEAAAAALAAAAAABAAEAAAICRAEAOw==",https://www.glassesshop.com/eyeglasses/fp2502?page=3
Tower,$19.95,"data:image/gif;base64,R0lGODlhAQABAIAAAP///wAAACH5BAEAAAAALAAAAAABAAEAAAICRAEAOw==",https://www.glassesshop.com/eyeglasses/fp2330?page=3
Richfield,$29.95,"data:image/gif;base64,R0lGODlhAQABAIAAAP///wAAACH5BAEAAAAALAAAAAABAAEAAAICRAEAOw==",https://www.glassesshop.com/eyeglasses/rm0307?page=3
Newman,$19.95,"data:image/gif;base64,R0lGODlhAQABAIAAAP///wAAACH5BAEAAAAALAAAAAABAAEAAAICRAEAOw==",https://www.glassesshop.com/eyeglasses/sup0908?page=3
Steven,$34.95,"data:image/gif;base64,R0lGODlhAQABAIAAAP///wAAACH5BAEAAAAALAAAAAABAAEAAAICRAEAOw==",https://www.glassesshop.com/eyeglasses/fz1772?page=3
Ventura,$24.95,"data:image/gif;base64,R0lGODlhAQABAIAAAP///wAAACH5BAEAAAAALAAAAAABAAEAAAICRAEAOw==",https://www.glassesshop.com/eyeglasses/fz1762?page=3
Creston,$29.95,"data:image/gif;base64,R0lGODlhAQABAIAAAP///wAAACH5BAEAAAAALAAAAAABAAEAAAICRAEAOw==",https://www.glassesshop.com/eyeglasses/fz1687?page=3
Rouge,$19.95,"data:image/gif;base64,R0lGODlhAQABAIAAAP///wAAACH5BAEAAAAALAAAAAABAAEAAAICRAEAOw==",https://www.glassesshop.com/eyeglasses/fm1574?page=3
Milwaukee,$29.95,"data:image/gif;base64,R0lGODlhAQABAIAAAP///wAAACH5BAEAAAAALAAAAAABAAEAAAICRAEAOw==",https://www.glassesshop.com/eyeglasses/fm1664?page=3
Brunswick,$29.95,"data:image/gif;base64,R0lGODlhAQABAIAAAP///wAAACH5BAEAAAAALAAAAAABAAEAAAICRAEAOw==",https://www.glassesshop.com/eyeglasses/fm1017?page=3
Tiffen,$19.95,"data:image/gif;base64,R0lGODlhAQABAIAAAP///wAAACH5BAEAAAAALAAAAAABAAEAAAICRAEAOw==",https://www.glassesshop.com/eyeglasses/fp1443?page=3
Beulah,$29.95,"data:image/gif;base64,R0lGODlhAQABAIAAAP///wAAACH5BAEAAAAALAAAAAABAAEAAAICRAEAOw==",https://www.glassesshop.com/eyeglasses/fz1247?page=3
Bobosa,$29.95,"data:image/gif;base64,R0lGODlhAQABAIAAAP///wAAACH5BAEAAAAALAAAAAABAAEAAAICRAEAOw==",https://www.glassesshop.com/eyeglasses/fz1375?page=3
Hume,$29.95,"data:image/gif;base64,R0lGODlhAQABAIAAAP///wAAACH5BAEAAAAALAAAAAABAAEAAAICRAEAOw==",https://www.glassesshop.com/eyeglasses/fz1297?page=3
Labrador,$12.95,"data:image/gif;base64,R0lGODlhAQABAIAAAP///wAAACH5BAEAAAAALAAAAAABAAEAAAICRAEAOw==",https://www.glassesshop.com/eyeglasses/fp1988?page=3
Mika,$29.95,"data:image/gif;base64,R0lGODlhAQABAIAAAP///wAAACH5BAEAAAAALAAAAAABAAEAAAICRAEAOw==",https://www.glassesshop.com/eyeglasses/sup0652?page=3
Grace,$29.95,"data:image/gif;base64,R0lGODlhAQABAIAAAP///wAAACH5BAEAAAAALAAAAAABAAEAAAICRAEAOw==",https://www.glassesshop.com/eyeglasses/fz1592?page=3
Trenton,$19.95,"data:image/gif;base64,R0lGODlhAQABAIAAAP///wAAACH5BAEAAAAALAAAAAABAAEAAAICRAEAOw==",https://www.glassesshop.com/eyeglasses/fp1232?page=3
Hartford,$24.95,"data:image/gif;base64,R0lGODlhAQABAIAAAP///wAAACH5BAEAAAAALAAAAAABAAEAAAICRAEAOw==",https://www.glassesshop.com/eyeglasses/fp2077?page=3
Platteville,$19.95,"data:image/gif;base64,R0lGODlhAQABAIAAAP///wAAACH5BAEAAAAALAAAAAABAAEAAAICRAEAOw==",https://www.glassesshop.com/eyeglasses/fp2508?page=3
Ely,$29.95,"data:image/gif;base64,R0lGODlhAQABAIAAAP///wAAACH5BAEAAAAALAAAAAABAAEAAAICRAEAOw==",https://www.glassesshop.com/eyeglasses/sup0997?page=3
James,$39.95,"data:image/gif;base64,R0lGODlhAQABAIAAAP///wAAACH5BAEAAAAALAAAAAABAAEAAAICRAEAOw==",https://www.glassesshop.com/eyeglasses/fm1086?page=3
Persol,$19.95,"data:image/gif;base64,R0lGODlhAQABAIAAAP///wAAACH5BAEAAAAALAAAAAABAAEAAAICRAEAOw==",https://www.glassesshop.com/eyeglasses/fp1859?page=3
Spender,$19.95,"data:image/gif;base64,R0lGODlhAQABAIAAAP///wAAACH5BAEAAAAALAAAAAABAAEAAAICRAEAOw==",https://www.glassesshop.com/eyeglasses/sup0633?page=3
Harold,$35.95,"data:image/gif;base64,R0lGODlhAQABAIAAAP///wAAACH5BAEAAAAALAAAAAABAAEAAAICRAEAOw==",https://www.glassesshop.com/eyeglasses/rm0302?page=3
Woolf,$24.95,"data:image/gif;base64,R0lGODlhAQABAIAAAP///wAAACH5BAEAAAAALAAAAAABAAEAAAICRAEAOw==",https://www.glassesshop.com/eyeglasses/fp2493?page=3
Norfolk,$19.95,"data:image/gif;base64,R0lGODlhAQABAIAAAP///wAAACH5BAEAAAAALAAAAAABAAEAAAICRAEAOw==",https://www.glassesshop.com/eyeglasses/fm1463?page=3
Wilcox,$24.95,"data:image/gif;base64,R0lGODlhAQABAIAAAP///wAAACH5BAEAAAAALAAAAAABAAEAAAICRAEAOw==",https://www.glassesshop.com/eyeglasses/fp2496?page=3
Caroline,$9.95,"data:image/gif;base64,R0lGODlhAQABAIAAAP///wAAACH5BAEAAAAALAAAAAABAAEAAAICRAEAOw==",https://www.glassesshop.com/eyeglasses/fm1588?page=3
Kissimmee,$12.95,"data:image/gif;base64,R0lGODlhAQABAIAAAP///wAAACH5BAEAAAAALAAAAAABAAEAAAICRAEAOw==",https://www.glassesshop.com/eyeglasses/fz1561?page=3
TerreHaute,$19.95,"data:image/gif;base64,R0lGODlhAQABAIAAAP///wAAACH5BAEAAAAALAAAAAABAAEAAAICRAEAOw==",https://www.glassesshop.com/eyeglasses/sup1205?page=3
Bainbridge,$19.95,"data:image/gif;base64,R0lGODlhAQABAIAAAP///wAAACH5BAEAAAAALAAAAAABAAEAAAICRAEAOw==",https://www.glassesshop.com/eyeglasses/fp2185?page=3
Nodia,$29.95,"data:image/gif;base64,R0lGODlhAQABAIAAAP///wAAACH5BAEAAAAALAAAAAABAAEAAAICRAEAOw==",https://www.glassesshop.com/eyeglasses/sup0700?page=3
Michelle,$29.95,"data:image/gif;base64,R0lGODlhAQABAIAAAP///wAAACH5BAEAAAAALAAAAAABAAEAAAICRAEAOw==",https://www.glassesshop.com/eyeglasses/sup1174?page=3
Winchester,$9.95,"data:image/gif;base64,R0lGODlhAQABAIAAAP///wAAACH5BAEAAAAALAAAAAABAAEAAAICRAEAOw==",https://www.glassesshop.com/eyeglasses/fp1774?page=3
Key,$29.95,"data:image/gif;base64,R0lGODlhAQABAIAAAP///wAAACH5BAEAAAAALAAAAAABAAEAAAICRAEAOw==",https://www.glassesshop.com/eyeglasses/fz1753?page=3
Crescent,$29.95,"data:image/gif;base64,R0lGODlhAQABAIAAAP///wAAACH5BAEAAAAALAAAAAABAAEAAAICRAEAOw==",https://www.glassesshop.com/eyeglasses/fz1837?page=3
Ina,$39.95,"data:image/gif;base64,R0lGODlhAQABAIAAAP///wAAACH5BAEAAAAALAAAAAABAAEAAAICRAEAOw==",https://www.glassesshop.com/eyeglasses/fz1648?page=3
Niagara,$45.95,"data:image/gif;base64,R0lGODlhAQABAIAAAP///wAAACH5BAEAAAAALAAAAAABAAEAAAICRAEAOw==",https://www.glassesshop.com/eyeglasses/ft0525?page=3
Barret,$29.95,"data:image/gif;base64,R0lGODlhAQABAIAAAP///wAAACH5BAEAAAAALAAAAAABAAEAAAICRAEAOw==",https://www.glassesshop.com/eyeglasses/fm1565?page=3
Ogden,$24.95,"data:image/gif;base64,R0lGODlhAQABAIAAAP///wAAACH5BAEAAAAALAAAAAABAAEAAAICRAEAOw==",https://www.glassesshop.com/eyeglasses/fp2164?page=3
Trista,$44.95,"data:image/gif;base64,R0lGODlhAQABAIAAAP///wAAACH5BAEAAAAALAAAAAABAAEAAAICRAEAOw==",https://www.glassesshop.com/eyeglasses/sup1007?page=3
Hawthorn,$29.95,"data:image/gif;base64,R0lGODlhAQABAIAAAP///wAAACH5BAEAAAAALAAAAAABAAEAAAICRAEAOw==",https://www.glassesshop.com/eyeglasses/fm1349?page=3
Mankato,$29.95,"data:image/gif;base64,R0lGODlhAQABAIAAAP///wAAACH5BAEAAAAALAAAAAABAAEAAAICRAEAOw==",https://www.glassesshop.com/eyeglasses/fz1476?page=3
Arlington,$19.95,"data:image/gif;base64,R0lGODlhAQABAIAAAP///wAAACH5BAEAAAAALAAAAAABAAEAAAICRAEAOw==",https://www.glassesshop.com/eyeglasses/fz1530?page=3
Scranton,$34.95,"data:image/gif;base64,R0lGODlhAQABAIAAAP///wAAACH5BAEAAAAALAAAAAABAAEAAAICRAEAOw==",https://www.glassesshop.com/eyeglasses/ft0417?page=3
Monterey,$19.95,"data:image/gif;base64,R0lGODlhAQABAIAAAP///wAAACH5BAEAAAAALAAAAAABAAEAAAICRAEAOw==",https://www.glassesshop.com/eyeglasses/sup1183?page=4
Frederic,$34.95,"data:image/gif;base64,R0lGODlhAQABAIAAAP///wAAACH5BAEAAAAALAAAAAABAAEAAAICRAEAOw==",https://www.glassesshop.com/eyeglasses/fm1455?page=4
Plains,$24.95,"data:image/gif;base64,R0lGODlhAQABAIAAAP///wAAACH5BAEAAAAALAAAAAABAAEAAAICRAEAOw==",https://www.glassesshop.com/eyeglasses/fp2028?page=4
Sherwood,$29.95,"data:image/gif;base64,R0lGODlhAQABAIAAAP///wAAACH5BAEAAAAALAAAAAABAAEAAAICRAEAOw==",https://www.glassesshop.com/eyeglasses/sm0885?page=4
Southey,$34.95,"data:image/gif;base64,R0lGODlhAQABAIAAAP///wAAACH5BAEAAAAALAAAAAABAAEAAAICRAEAOw==",https://www.glassesshop.com/eyeglasses/fz1778?page=4
Blair,$29.95,"data:image/gif;base64,R0lGODlhAQABAIAAAP///wAAACH5BAEAAAAALAAAAAABAAEAAAICRAEAOw==",https://www.glassesshop.com/eyeglasses/fm1655?page=4
Mobile,$39.95,"data:image/gif;base64,R0lGODlhAQABAIAAAP///wAAACH5BAEAAAAALAAAAAABAAEAAAICRAEAOw==",https://www.glassesshop.com/eyeglasses/ft0360?page=4
Edgar,$19.95,"data:image/gif;base64,R0lGODlhAQABAIAAAP///wAAACH5BAEAAAAALAAAAAABAAEAAAICRAEAOw==",https://www.glassesshop.com/eyeglasses/fm1453?page=4
Elvis,$59.95,"data:image/gif;base64,R0lGODlhAQABAIAAAP///wAAACH5BAEAAAAALAAAAAABAAEAAAICRAEAOw==",https://www.glassesshop.com/eyeglasses/rm0291?page=4
Haggai,$24.95,"data:image/gif;base64,R0lGODlhAQABAIAAAP///wAAACH5BAEAAAAALAAAAAABAAEAAAICRAEAOw==",https://www.glassesshop.com/eyeglasses/fp1775?page=4
Kerlins,$29.95,"data:image/gif;base64,R0lGODlhAQABAIAAAP///wAAACH5BAEAAAAALAAAAAABAAEAAAICRAEAOw==",https://www.glassesshop.com/eyeglasses/sup0659?page=4
Barlow,$29.95,"data:image/gif;base64,R0lGODlhAQABAIAAAP///wAAACH5BAEAAAAALAAAAAABAAEAAAICRAEAOw==",https://www.glassesshop.com/eyeglasses/sm0934?page=4
Tacoma,$34.95,"data:image/gif;base64,R0lGODlhAQABAIAAAP///wAAACH5BAEAAAAALAAAAAABAAEAAAICRAEAOw==",https://www.glassesshop.com/eyeglasses/spfm014?page=4
Manhattan,$44.95,"data:image/gif;base64,R0lGODlhAQABAIAAAP///wAAACH5BAEAAAAALAAAAAABAAEAAAICRAEAOw==",https://www.glassesshop.com/eyeglasses/ft0425?page=4
Annapolis,$29.95,"data:image/gif;base64,R0lGODlhAQABAIAAAP///wAAACH5BAEAAAAALAAAAAABAAEAAAICRAEAOw==",https://www.glassesshop.com/eyeglasses/fz1814?page=4
Robben,$39.95,"data:image/gif;base64,R0lGODlhAQABAIAAAP///wAAACH5BAEAAAAALAAAAAABAAEAAAICRAEAOw==",https://www.glassesshop.com/eyeglasses/ft0242?page=4
Peekskill,$44.95,"data:image/gif;base64,R0lGODlhAQABAIAAAP///wAAACH5BAEAAAAALAAAAAABAAEAAAICRAEAOw==",https://www.glassesshop.com/eyeglasses/ft0358?page=4
Gadsden,$29.95,"data:image/gif;base64,R0lGODlhAQABAIAAAP///wAAACH5BAEAAAAALAAAAAABAAEAAAICRAEAOw==",https://www.glassesshop.com/eyeglasses/rm0303?page=4
Oneida,$44.95,"data:image/gif;base64,R0lGODlhAQABAIAAAP///wAAACH5BAEAAAAALAAAAAABAAEAAAICRAEAOw==",https://www.glassesshop.com/eyeglasses/ft0405?page=4
Abner,$29.95,"data:image/gif;base64,R0lGODlhAQABAIAAAP///wAAACH5BAEAAAAALAAAAAABAAEAAAICRAEAOw==",https://www.glassesshop.com/eyeglasses/sm0923?page=4
Mandel,$49.95,"data:image/gif;base64,R0lGODlhAQABAIAAAP///wAAACH5BAEAAAAALAAAAAABAAEAAAICRAEAOw==",https://www.glassesshop.com/eyeglasses/st0258?page=4
NewHaven,$29.95,"data:image/gif;base64,R0lGODlhAQABAIAAAP///wAAACH5BAEAAAAALAAAAAABAAEAAAICRAEAOw==",https://www.glassesshop.com/eyeglasses/fz1556?page=4
Hillsborough,$19.95,"data:image/gif;base64,R0lGODlhAQABAIAAAP///wAAACH5BAEAAAAALAAAAAABAAEAAAICRAEAOw==",https://www.glassesshop.com/eyeglasses/fp0989?page=4
Memphis,$29.95,"data:image/gif;base64,R0lGODlhAQABAIAAAP///wAAACH5BAEAAAAALAAAAAABAAEAAAICRAEAOw==",https://www.glassesshop.com/eyeglasses/fz1739?page=4
Wilsen,$29.95,"data:image/gif;base64,R0lGODlhAQABAIAAAP///wAAACH5BAEAAAAALAAAAAABAAEAAAICRAEAOw==",https://www.glassesshop.com/eyeglasses/fz1315?page=4
Adam,$24.95,"data:image/gif;base64,R0lGODlhAQABAIAAAP///wAAACH5BAEAAAAALAAAAAABAAEAAAICRAEAOw==",https://www.glassesshop.com/eyeglasses/fp1543?page=4
Schenectady,$29.95,"data:image/gif;base64,R0lGODlhAQABAIAAAP///wAAACH5BAEAAAAALAAAAAABAAEAAAICRAEAOw==",https://www.glassesshop.com/eyeglasses/sup1255?page=4
